Id,Nombre,Apellido 1,Apellido 2,Numero de Cuenta,Edad,Promedio,Semestre,Materias
1,Maria,Cano,Escobar,18871865-5,26,7.31,5, - ESTRUCTURA Y PROGRAMAC.COMPUTADOR,
2,Jose,Vanegas,Angulo,63815631-2,18,7.28,1, - CALCULO Y GEOMETRIA ANALITICA - FUNDAMENTOS DE FISICA - ALGEBRA - QUIMICA,
3,Cesar,Escalona,Vargas,63333732-3,26,8.97,10, - OPTATIVA 1,
4,Julio,Cano,Ortiz,56376143-8,20,10.0,8, - REDES DE DATOS SEGURAS - MICROCOMPUTADORAS - COMPUTACION GRAFICA E INTERAC.HUMANO,
5,Pedro,Cano,Vertíz,21563627-6,19,10.0,9, - FUNDAMENTOS SISTEMAS EMBEBIDOS - ORGANIZACION Y ARQUITEC.COMPUTADORA - SISTEMAS DISTRIBUIDOS - RECURSOS Y NECESIDADES DE MEXICO,
6,Victor,Ocasio,Pacheco,67242165-7,25,7.23,1, - CALCULO Y GEOMETRIA ANALITICA - ALGEBRA - FUNDAMENTOS DE FISICA - FUNDAMENTOS DE PROGRAMACION,
7,Rogelio,Pineda,Quintana,83512533-4,21,9.93,5, - SEÑALES Y SISTEMAS - LENGUAJES FORMALES-AUTOMATAS - ESTRUCTURA Y PROGRAMAC.COMPUTADOR - DISPOSITIVOS ELECTRONICOS,
8,Michelle,Hernandez,Olmedo,42878456-1,24,10.0,5, - LENGUAJES FORMALES-AUTOMATAS - SEÑALES Y SISTEMAS,
9,Juan,Perez,Coria,24381336-4,19,9.81,10, - OPTATIVA 5 - OPTATIVA 1 - OPTATIVA 3 - OPTATIVA 2,
10,Mauricio,Gasca,Vargas,58687412-5,20,10.0,6, - SISTEMAS OPERATIVOS - CIRCUITOS ELECTRICOS - ADMINISTRACION PROYECTOS SOFTWARE - BASES DE DATOS - DISEÑO DIGITAL MODERNO,
11,Michelle,Escalona,Ramos,32817445-6,21,6.61,7, - INTELIGENCIA ARTIFICIAL - DISEÑO DIGITAL VLSI,
12,Rogelio,Tapia,Perez,75542677-8,20,9.61,1, - FUNDAMENTOS DE PROGRAMACION - ALGEBRA - FUNDAMENTOS DE FISICA - CALCULO Y GEOMETRIA ANALITICA,
13,Frida,Arroyo,Cruz,32543273-1,20,7.39,2, - REDACCION Y EXPOSIC TEMAS INGENIERIA - ALGEBRA LINEAL - CALCULO INTEGRAL - ESTRUCTURA DATOS Y ALGORITMOS I - MECANICA,
14,Luis,Silva,Ledezma,78821583-6,21,8.82,2, - REDACCION Y EXPOSIC TEMAS INGENIERIA - ALGEBRA LINEAL - CALCULO INTEGRAL - ESTRUCTURA DATOS Y ALGORITMOS I - MECANICA,
15,Ximena,Aguilar,Quintana,52387266-3,21,5.73,10, - OPTATIVA 1 - OPTATIVA 2 - OPTATIVA 3 - OPTATIVA 4 - OPTATIVA 5,
16,Jair,Quintana,Frías,72743158-6,18,10.0,3, - CALCULO VECTORIAL,
17,Emma,Perez,Estrada,13251611-3,21,10.0,6, - SISTEMAS OPERATIVOS - CIRCUITOS ELECTRICOS - ADMINISTRACION PROYECTOS SOFTWARE - BASES DE DATOS - DISEÑO DIGITAL MODERNO,
18,Daniela,Moreno,Barbosa,14423833-7,19,9.17,9, - FUNDAMENTOS SISTEMAS EMBEBIDOS - OPTATIVA 1 - RECURSOS Y NECESIDADES DE MEXICO,
19,Ariadna,Cervantes,Cruz,52645764-6,18,6.62,2, - REDACCION Y EXPOSIC TEMAS INGENIERIA - ALGEBRA LINEAL - CALCULO INTEGRAL - ESTRUCTURA DATOS Y ALGORITMOS I - MECANICA,
20,Daniel,Valtierra,Rosas,36544176-7,25,8.76,8, - OPTATIVAS   (HUMANIDADES) - ETICA PROFESIONAL - COMPUTACION GRAFICA E INTERAC.HUMANO - MICROCOMPUTADORAS,
21,Itzel,Ocasio,Tapia,18655478-4,18,10.0,3, - ESTRUCTURA DATOS Y ALGORITMOS II - CALCULO VECTORIAL - PROGRAMACION ORIENTADA A OBJETOS - ECUACIONES DIFERENCIALES - PROBABILIDAD,
22,Angelica,Mancilla,Vargas,22128133-3,18,8.72,2, - MECANICA - CALCULO INTEGRAL - ALGEBRA LINEAL - ESTRUCTURA DATOS Y ALGORITMOS I,
23,Daniela,Vanegas,Silva,82853455-4,23,6.76,9, - FUNDAMENTOS SISTEMAS EMBEBIDOS - OPTATIVA 1 - RECURSOS Y NECESIDADES DE MEXICO,
24,Pamela,Perez,Mascareño,74218733-7,21,9.76,9, - RECURSOS Y NECESIDADES DE MEXICO - OPTATIVA 1 - FUNDAMENTOS SISTEMAS EMBEBIDOS - ORGANIZACION Y ARQUITEC.COMPUTADORA,
25,Emma,Ledezma,Ramos,53671245-3,23,8.68,9, - FUNDAMENTOS SISTEMAS EMBEBIDOS - ORGANIZACION Y ARQUITEC.COMPUTADORA - SISTEMAS DISTRIBUIDOS - RECURSOS Y NECESIDADES DE MEXICO - OPTATIVA 1,
26,Frida,Ramos,Acevedo,75253831-5,18,7.88,1, - FUNDAMENTOS DE PROGRAMACION - ALGEBRA,
27,Francisco,Elizalde,Mascareño,64162184-2,25,9.56,7, - COMPILADORES - INTRODUCCION A LA ECONOMIA - DISEÑO DIGITAL VLSI - FINANZAS EN INGENIERIA COMPUTACION,
28,Pedro,Quintana,Apango,13286384-6,27,6.25,2, - REDACCION Y EXPOSIC TEMAS INGENIERIA - MECANICA,
29,Irving,Mejia,Perez,53113726-8,25,9.87,3, - PROGRAMACION ORIENTADA A OBJETOS - ECUACIONES DIFERENCIALES,
30,Juan,Frías,Quintana,44652527-7,23,8.84,10, - OPTATIVA 3 - OPTATIVA 5 - OPTATIVA 2,
31,Rogelio,Santos,Pineda,57264744-4,25,9.13,7, - INTELIGENCIA ARTIFICIAL - COMPILADORES - INTRODUCCION A LA ECONOMIA - DISEÑO DIGITAL VLSI - FINANZAS EN INGENIERIA COMPUTACION,
32,Alejandra,Mejia,Olmedo,74828763-4,18,5.21,4, - ESTRUCTURAS DISCRETAS - ELECTRICIDAD Y MAGNETISMO - MATEMATICAS AVANZADAS - ANALISIS NUMERICO - FUNDAMENTOS DE ESTADISTICA,
33,Pedro,Pineda,Pacheco,53315573-8,21,10.0,1, - CALCULO Y GEOMETRIA ANALITICA - QUIMICA,
34,Michelle,Téllez,Ortiz,37211648-3,27,10.0,3, - CALCULO VECTORIAL - ESTRUCTURA DATOS Y ALGORITMOS II,
35,Cesar,Carrillo,Perez,42163124-8,19,7.04,4, - ESTRUCTURAS DISCRETAS - MATEMATICAS AVANZADAS,
36,Perla,Moreno,Mancilla,31245563-6,19,5.77,4, - ESTRUCTURAS DISCRETAS,
37,Tania,Vargas,Carrillo,31862362-6,27,6.75,9, - RECURSOS Y NECESIDADES DE MEXICO - OPTATIVA 1 - SISTEMAS DISTRIBUIDOS - FUNDAMENTOS SISTEMAS EMBEBIDOS,
38,Jose,Quintana,Ramirez,24546742-7,23,9.08,10, - OPTATIVA 3 - OPTATIVA 2 - OPTATIVA 5 - OPTATIVA 4,
39,Juan,Robledo,Mejia,66662331-5,22,6.4,1, - ALGEBRA - CALCULO Y GEOMETRIA ANALITICA - FUNDAMENTOS DE PROGRAMACION - QUIMICA - FUNDAMENTOS DE FISICA,
40,Pamela,Reyes,Vargas,34687881-2,24,5.3,7, - FINANZAS EN INGENIERIA COMPUTACION - INTRODUCCION A LA ECONOMIA,
41,Angelica,Moreno,Elizalde,62717474-3,26,10.0,7, - FINANZAS EN INGENIERIA COMPUTACION - INTELIGENCIA ARTIFICIAL,
42,Tania,Ledezma,Acevedo,86872186-4,19,5.9,8, - COMPUTACION GRAFICA E INTERAC.HUMANO - REDES DE DATOS SEGURAS,
43,Tania,Perez,Apango,73558815-2,18,10.0,3, - ECUACIONES DIFERENCIALES - CALCULO VECTORIAL,
44,Aide,Moreno,Estrada,67323674-8,26,9.78,2, - REDACCION Y EXPOSIC TEMAS INGENIERIA - CALCULO INTEGRAL - ALGEBRA LINEAL,
45,Paulina,Perez,Silva,71725423-5,18,5.04,1, - CALCULO Y GEOMETRIA ANALITICA - FUNDAMENTOS DE FISICA - FUNDAMENTOS DE PROGRAMACION - QUIMICA,
46,Juan,Reyes,Escobar,55757816-2,24,7.99,7, - FINANZAS EN INGENIERIA COMPUTACION - INTRODUCCION A LA ECONOMIA,
47,Ricardo,Carrillo,Tapia,26643338-5,20,6.22,9, - OPTATIVA 1 - SISTEMAS DISTRIBUIDOS - FUNDAMENTOS SISTEMAS EMBEBIDOS - ORGANIZACION Y ARQUITEC.COMPUTADORA,
48,Mauricio,Vertíz,Mejia,11827244-8,23,8.51,9, - FUNDAMENTOS SISTEMAS EMBEBIDOS,
49,Hugo,Vertíz,Vanegas,66143317-3,26,7.58,2, - ESTRUCTURA DATOS Y ALGORITMOS I - MECANICA,
50,Irving,Moreno,Robledo,73832518-4,22,6.13,3, - PROBABILIDAD - PROGRAMACION ORIENTADA A OBJETOS,
51,Victor,Frías,Estrada,32547864-2,22,6.28,8, - COMPUTACION GRAFICA E INTERAC.HUMANO - REDES DE DATOS SEGURAS,
52,Cesar,Olmedo,Elizalde,44426551-8,25,8.18,1, - CALCULO Y GEOMETRIA ANALITICA - FUNDAMENTOS DE FISICA - QUIMICA - ALGEBRA,
53,Karina,Hernandez,Quintana,87523138-7,19,5.96,10, - OPTATIVA 4 - OPTATIVA 3,
54,Francisco,Vargas,Frías,68137386-1,26,10.0,10, - OPTATIVA 2 - OPTATIVA 5,
55,Diana,Barbosa,Morales,34144333-1,27,9.87,10, - OPTATIVA 1 - OPTATIVA 2 - OPTATIVA 3 - OPTATIVA 4 - OPTATIVA 5,
56,Pedro,Perez,Ramirez,43133433-2,19,7.9,7, - DISEÑO DIGITAL VLSI - INTELIGENCIA ARTIFICIAL - INTRODUCCION A LA ECONOMIA - FINANZAS EN INGENIERIA COMPUTACION,
57,Ricardo,Quintana,Carbajal,71627683-6,21,8.87,9, - FUNDAMENTOS SISTEMAS EMBEBIDOS - ORGANIZACION Y ARQUITEC.COMPUTADORA - SISTEMAS DISTRIBUIDOS - RECURSOS Y NECESIDADES DE MEXICO - OPTATIVA 1,
58,Pamela,Vargas,Morales,53744217-6,19,10.0,1, - ALGEBRA - CALCULO Y GEOMETRIA ANALITICA - FUNDAMENTOS DE PROGRAMACION - QUIMICA - FUNDAMENTOS DE FISICA,
59,Frida,Arroyo,Ramirez,72867526-5,21,8.91,6, - SISTEMAS OPERATIVOS - DISEÑO DIGITAL MODERNO,
60,Luis,Quintana,Barbosa,81478567-4,23,8.91,2, - MECANICA - ALGEBRA LINEAL - ESTRUCTURA DATOS Y ALGORITMOS I,
61,Jair,Téllez,Valtierra,41248662-2,21,7.9,2, - REDACCION Y EXPOSIC TEMAS INGENIERIA - ALGEBRA LINEAL - CALCULO INTEGRAL - ESTRUCTURA DATOS Y ALGORITMOS I - MECANICA,
62,Pablo,Ledezma,Hernandez,36732223-1,19,5.12,6, - ADMINISTRACION PROYECTOS SOFTWARE - BASES DE DATOS - DISEÑO DIGITAL MODERNO,
63,Frida,Escalona,Tapia,64822167-6,26,10.0,5, - INGENIERIA DE SOFTWARE - ESTRUCTURA Y PROGRAMAC.COMPUTADOR - DISPOSITIVOS ELECTRONICOS,
64,Maria,Vargas,Perez,37411615-2,20,7.33,5, - ESTRUCTURA Y PROGRAMAC.COMPUTADOR - INGENIERIA DE SOFTWARE,
65,Carlos,Ortiz,Cruz,54437427-7,21,7.69,8, - ETICA PROFESIONAL - OPTATIVAS   (HUMANIDADES) - REDES DE DATOS SEGURAS,
66,Itzel,Terrazas,Tapia,42424273-1,25,5.88,5, - ESTRUCTURA Y PROGRAMAC.COMPUTADOR,
67,Ariadna,Téllez,Coria,76624654-5,24,7.04,4, - ELECTRICIDAD Y MAGNETISMO - MATEMATICAS AVANZADAS - FUNDAMENTOS DE ESTADISTICA - ANALISIS NUMERICO,
68,Maria,Vertíz,Elizalde,15755358-8,21,10.0,8, - ETICA PROFESIONAL - COMPUTACION GRAFICA E INTERAC.HUMANO - REDES DE DATOS SEGURAS - MICROCOMPUTADORAS - OPTATIVAS   (HUMANIDADES),
69,Emma,Hernandez,Carrillo,82475583-8,24,9.23,6, - CIRCUITOS ELECTRICOS - SISTEMAS OPERATIVOS,
70,Perla,Tapia,Valtierra,41821614-7,26,7.49,5, - DISPOSITIVOS ELECTRONICOS - LENGUAJES FORMALES-AUTOMATAS - SEÑALES Y SISTEMAS - ESTRUCTURA Y PROGRAMAC.COMPUTADOR - INGENIERIA DE SOFTWARE,
71,Karina,Carrillo,Valtierra,16828465-6,27,8.59,5, - ESTRUCTURA Y PROGRAMAC.COMPUTADOR - SEÑALES Y SISTEMAS,
72,Eva,Ramirez,Gasca,34421441-2,24,5.83,3, - PROBABILIDAD - CALCULO VECTORIAL,
73,Cesar,Vertíz,Morales,38677651-2,26,8.27,5, - DISPOSITIVOS ELECTRONICOS - SEÑALES Y SISTEMAS,
74,Alfredo,Pineda,Coria,87871388-2,18,6.79,2, - REDACCION Y EXPOSIC TEMAS INGENIERIA - ALGEBRA LINEAL - CALCULO INTEGRAL - ESTRUCTURA DATOS Y ALGORITMOS I - MECANICA,
75,Paulina,Barbosa,Pacheco,21346526-5,21,6.55,1, - QUIMICA - CALCULO Y GEOMETRIA ANALITICA - FUNDAMENTOS DE FISICA,
76,Vivian,Robledo,Quintana,82444365-8,23,10.0,8, - COMPUTACION GRAFICA E INTERAC.HUMANO,
77,Juan,Reyes,Barbosa,17861767-2,27,7.93,8, - COMPUTACION GRAFICA E INTERAC.HUMANO,
78,Aide,Cano,Jimenez,65286852-6,21,7.54,1, - ALGEBRA - CALCULO Y GEOMETRIA ANALITICA - FUNDAMENTOS DE PROGRAMACION - QUIMICA - FUNDAMENTOS DE FISICA,
79,Ariadna,Jimenez,Coria,51518771-7,24,8.39,8, - COMPUTACION GRAFICA E INTERAC.HUMANO - MICROCOMPUTADORAS - REDES DE DATOS SEGURAS - OPTATIVAS   (HUMANIDADES),
80,Aide,Quintana,Coria,87635445-4,26,10.0,2, - CALCULO INTEGRAL - ALGEBRA LINEAL - ESTRUCTURA DATOS Y ALGORITMOS I - MECANICA,
81,Hugo,Angulo,Tapia,76315484-2,25,10.0,6, - SISTEMAS OPERATIVOS - CIRCUITOS ELECTRICOS - ADMINISTRACION PROYECTOS SOFTWARE - BASES DE DATOS - DISEÑO DIGITAL MODERNO,
82,Alfredo,Mejia,Carrillo,44714427-2,18,10.0,2, - ESTRUCTURA DATOS Y ALGORITMOS I - ALGEBRA LINEAL - CALCULO INTEGRAL - MECANICA,
83,Jose,Ocasio,Vanegas,52141186-8,21,8.19,10, - OPTATIVA 4 - OPTATIVA 1 - OPTATIVA 5 - OPTATIVA 3,
84,Pablo,Mascareño,Arroyo,41758122-6,20,8.73,9, - OPTATIVA 1,
85,Cesar,Arroyo,Ramos,27385134-4,26,8.06,10, - OPTATIVA 2 - OPTATIVA 5 - OPTATIVA 1 - OPTATIVA 3,
86,Maria,Santos,Morales,34316857-3,25,10.0,5, - ESTRUCTURA Y PROGRAMAC.COMPUTADOR - DISPOSITIVOS ELECTRONICOS - INGENIERIA DE SOFTWARE,
87,Gabriela,Mancilla,Ramirez,46264667-2,27,5.6,7, - COMPILADORES - DISEÑO DIGITAL VLSI,
88,Itzel,Pacheco,Arroyo,11358657-2,25,6.26,4, - FUNDAMENTOS DE ESTADISTICA - ESTRUCTURAS DISCRETAS,
89,Alfredo,Ramos,Vargas,78435551-5,21,5.22,1, - QUIMICA,
90,Victor,Espinoza,Ramirez,36448223-6,27,10.0,9, - FUNDAMENTOS SISTEMAS EMBEBIDOS - ORGANIZACION Y ARQUITEC.COMPUTADORA - SISTEMAS DISTRIBUIDOS - RECURSOS Y NECESIDADES DE MEXICO - OPTATIVA 1,
91,Aide,Moreno,Pacheco,43552321-3,27,6.32,10, - OPTATIVA 5 - OPTATIVA 4 - OPTATIVA 2 - OPTATIVA 3,
92,Eva,Apango,Acevedo,57721162-6,24,6.24,5, - LENGUAJES FORMALES-AUTOMATAS,
93,Hugo,Ramirez,Jimenez,18217854-5,21,5.17,2, - ALGEBRA LINEAL - REDACCION Y EXPOSIC TEMAS INGENIERIA,
94,Eduardo,Vertíz,Valtierra,52731732-6,21,8.59,10, - OPTATIVA 1 - OPTATIVA 2 - OPTATIVA 3 - OPTATIVA 4 - OPTATIVA 5,
95,Juan,Ramirez,Coria,48264357-4,21,8.27,8, - ETICA PROFESIONAL - OPTATIVAS   (HUMANIDADES) - REDES DE DATOS SEGURAS - COMPUTACION GRAFICA E INTERAC.HUMANO,
96,Gabriela,Morales,Perez,54222448-2,23,7.42,2, - ALGEBRA LINEAL - REDACCION Y EXPOSIC TEMAS INGENIERIA - MECANICA,
97,Alfredo,Terrazas,Robledo,82645847-4,25,7.97,2, - ALGEBRA LINEAL - MECANICA - REDACCION Y EXPOSIC TEMAS INGENIERIA - ESTRUCTURA DATOS Y ALGORITMOS I,
98,Maria,Cervantes,Ocasio,45888482-7,26,9.6,1, - CALCULO Y GEOMETRIA ANALITICA,
99,Julio,Pacheco,Cano,63263417-1,26,8.38,2, - REDACCION Y EXPOSIC TEMAS INGENIERIA - ALGEBRA LINEAL - CALCULO INTEGRAL - ESTRUCTURA DATOS Y ALGORITMOS I - MECANICA,
100,Hugo,Mancilla,Vertíz,25173275-3,22,8.61,10, - OPTATIVA 2 - OPTATIVA 4 - OPTATIVA 3,
101,Pamela,Valtierra,Cruz,64188527-3,25,8.39,3, - CALCULO VECTORIAL - ECUACIONES DIFERENCIALES - PROBABILIDAD - PROGRAMACION ORIENTADA A OBJETOS,
102,Frida,Ledezma,Morales,41377816-4,22,5.01,4, - MATEMATICAS AVANZADAS - ESTRUCTURAS DISCRETAS,
103,Frida,Ortiz,Arroyo,85522624-4,25,10.0,8, - MICROCOMPUTADORAS - COMPUTACION GRAFICA E INTERAC.HUMANO,
104,Ximena,Vertíz,Barbosa,75811386-4,21,6.33,10, - OPTATIVA 5 - OPTATIVA 4 - OPTATIVA 2,
105,Raul,Vertíz,Morales,65245852-4,20,8.21,9, - SISTEMAS DISTRIBUIDOS - ORGANIZACION Y ARQUITEC.COMPUTADORA - OPTATIVA 1 - FUNDAMENTOS SISTEMAS EMBEBIDOS,
106,Jose,Ramirez,Silva,66748268-1,23,7.48,2, - MECANICA,
107,Cesar,Estrada,Arroyo,63248164-6,27,5.47,8, - ETICA PROFESIONAL - COMPUTACION GRAFICA E INTERAC.HUMANO - REDES DE DATOS SEGURAS - MICROCOMPUTADORAS - OPTATIVAS   (HUMANIDADES),
108,Eduardo,Cano,Coria,38117336-3,26,7.08,1, - ALGEBRA - CALCULO Y GEOMETRIA ANALITICA - FUNDAMENTOS DE PROGRAMACION - QUIMICA - FUNDAMENTOS DE FISICA,
109,Angel,Escobar,Perez,51673517-7,21,9.33,10, - OPTATIVA 1 - OPTATIVA 3 - OPTATIVA 2,
110,Daniel,Rosas,Hernandez,52514443-2,27,6.16,8, - MICROCOMPUTADORAS,
111,Itzel,Acevedo,Santos,54655842-3,25,9.05,5, - LENGUAJES FORMALES-AUTOMATAS - SEÑALES Y SISTEMAS - DISPOSITIVOS ELECTRONICOS - INGENIERIA DE SOFTWARE,
112,Cesar,Vanegas,Ocasio,48425244-3,18,10.0,2, - CALCULO INTEGRAL,
113,Leonardo,Terrazas,Escobar,14668821-1,19,9.04,3, - ECUACIONES DIFERENCIALES - PROGRAMACION ORIENTADA A OBJETOS - PROBABILIDAD - ESTRUCTURA DATOS Y ALGORITMOS II,
114,Eva,Frías,Jimenez,17243185-7,21,10.0,6, - ADMINISTRACION PROYECTOS SOFTWARE,
115,Angel,Apango,Acevedo,21785738-3,27,10.0,10, - OPTATIVA 1 - OPTATIVA 2 - OPTATIVA 3 - OPTATIVA 4 - OPTATIVA 5,
116,Frida,Vertíz,Elizalde,22734815-5,21,6.68,6, - DISEÑO DIGITAL MODERNO,
117,Leonardo,Valtierra,Tapia,23647333-7,23,6.32,5, - ESTRUCTURA Y PROGRAMAC.COMPUTADOR - DISPOSITIVOS ELECTRONICOS - INGENIERIA DE SOFTWARE,
118,Pedro,Ramirez,Cruz,51541232-7,25,10.0,9, - RECURSOS Y NECESIDADES DE MEXICO - ORGANIZACION Y ARQUITEC.COMPUTADORA - OPTATIVA 1 - SISTEMAS DISTRIBUIDOS,
119,Cesar,Arroyo,Cano,48717165-2,27,10.0,1, - FUNDAMENTOS DE PROGRAMACION - ALGEBRA - CALCULO Y GEOMETRIA ANALITICA,
120,Miguel,Ramirez,Perez,26226648-2,18,8.33,1, - FUNDAMENTOS DE PROGRAMACION - ALGEBRA - QUIMICA,
121,Frida,Pacheco,Arroyo,83433478-3,24,10.0,4, - ELECTRICIDAD Y MAGNETISMO - MATEMATICAS AVANZADAS - ESTRUCTURAS DISCRETAS - FUNDAMENTOS DE ESTADISTICA,
122,Gabriela,Tapia,Mascareño,23458718-3,19,8.31,3, - PROGRAMACION ORIENTADA A OBJETOS,
123,Frida,Ortiz,Perez,71258578-1,19,6.68,8, - ETICA PROFESIONAL - COMPUTACION GRAFICA E INTERAC.HUMANO - REDES DE DATOS SEGURAS - MICROCOMPUTADORAS - OPTATIVAS   (HUMANIDADES),
124,Leonardo,Vargas,Ramirez,47652787-3,19,9.68,6, - SISTEMAS OPERATIVOS - CIRCUITOS ELECTRICOS - ADMINISTRACION PROYECTOS SOFTWARE - BASES DE DATOS - DISEÑO DIGITAL MODERNO,
125,Leonardo,Cruz,Espinoza,11762724-6,25,5.94,6, - ADMINISTRACION PROYECTOS SOFTWARE - SISTEMAS OPERATIVOS - DISEÑO DIGITAL MODERNO - CIRCUITOS ELECTRICOS,
126,Juan,Mejia,Mancilla,11267567-8,24,6.76,5, - DISPOSITIVOS ELECTRONICOS - SEÑALES Y SISTEMAS - INGENIERIA DE SOFTWARE - LENGUAJES FORMALES-AUTOMATAS,
127,Pablo,Vanegas,Angulo,86755224-1,21,6.26,3, - ESTRUCTURA DATOS Y ALGORITMOS II - CALCULO VECTORIAL - ECUACIONES DIFERENCIALES,
128,Julio,Ledezma,Olmedo,35311867-4,24,6.85,9, - RECURSOS Y NECESIDADES DE MEXICO - OPTATIVA 1,
129,Eduardo,Pacheco,Pineda,65472778-6,27,10.0,9, - FUNDAMENTOS SISTEMAS EMBEBIDOS - ORGANIZACION Y ARQUITEC.COMPUTADORA - SISTEMAS DISTRIBUIDOS - RECURSOS Y NECESIDADES DE MEXICO - OPTATIVA 1,
130,Gabriela,Acevedo,Pacheco,66643853-6,26,8.94,10, - OPTATIVA 4 - OPTATIVA 3 - OPTATIVA 5 - OPTATIVA 2,
131,Maria,Barbosa,Tapia,15275444-6,19,10.0,6, - ADMINISTRACION PROYECTOS SOFTWARE - BASES DE DATOS,
132,Vivian,Apango,Espinoza,85437512-7,18,9.33,1, - FUNDAMENTOS DE FISICA - CALCULO Y GEOMETRIA ANALITICA - ALGEBRA,
133,Pedro,Cervantes,Robledo,45327241-4,18,8.6,4, - ANALISIS NUMERICO - MATEMATICAS AVANZADAS,
134,Francisco,Espinoza,Mancilla,34577277-1,22,5.32,7, - INTRODUCCION A LA ECONOMIA - DISEÑO DIGITAL VLSI - INTELIGENCIA ARTIFICIAL,
135,Emma,Arroyo,Quintana,73738873-5,25,9.85,9, - FUNDAMENTOS SISTEMAS EMBEBIDOS - OPTATIVA 1 - SISTEMAS DISTRIBUIDOS - RECURSOS Y NECESIDADES DE MEXICO,
136,Ximena,Santos,Moreno,83671777-3,26,6.26,6, - ADMINISTRACION PROYECTOS SOFTWARE,
137,Ximena,Vargas,Elizalde,14636486-5,18,7.16,4, - FUNDAMENTOS DE ESTADISTICA - MATEMATICAS AVANZADAS,
138,Jose,Estrada,Ledezma,25451142-2,19,10.0,1, - FUNDAMENTOS DE FISICA - FUNDAMENTOS DE PROGRAMACION - CALCULO Y GEOMETRIA ANALITICA,
139,Tania,Hernandez,Mancilla,25127472-1,20,7.93,5, - DISPOSITIVOS ELECTRONICOS - ESTRUCTURA Y PROGRAMAC.COMPUTADOR,
140,Carlos,Escalona,Angulo,27316721-4,22,8.14,8, - OPTATIVAS   (HUMANIDADES),
141,Arat,Arroyo,Ramirez,17114442-3,21,5.69,8, - MICROCOMPUTADORAS - OPTATIVAS   (HUMANIDADES) - COMPUTACION GRAFICA E INTERAC.HUMANO,
142,Mauricio,Valtierra,Cruz,83341122-4,26,7.13,6, - DISEÑO DIGITAL MODERNO - ADMINISTRACION PROYECTOS SOFTWARE - BASES DE DATOS - SISTEMAS OPERATIVOS,
143,Daniela,Morales,Rosas,84782517-5,24,9.95,3, - ESTRUCTURA DATOS Y ALGORITMOS II - ECUACIONES DIFERENCIALES - CALCULO VECTORIAL - PROBABILIDAD,
144,Ricardo,Carrillo,Moreno,17374127-2,24,6.19,9, - SISTEMAS DISTRIBUIDOS - RECURSOS Y NECESIDADES DE MEXICO,
145,Angel,Elizalde,Vargas,54588622-2,21,9.95,2, - REDACCION Y EXPOSIC TEMAS INGENIERIA - ALGEBRA LINEAL - CALCULO INTEGRAL - ESTRUCTURA DATOS Y ALGORITMOS I - MECANICA,
146,Karina,Tapia,Ocasio,77231357-6,26,6.26,1, - QUIMICA,
147,Perla,Arroyo,Estrada,56144864-2,19,9.28,3, - CALCULO VECTORIAL,
148,Angel,Cruz,Cruz,31147718-2,22,6.89,4, - MATEMATICAS AVANZADAS,
149,Itzel,Vanegas,Cano,21227287-7,20,9.61,3, - ESTRUCTURA DATOS Y ALGORITMOS II - CALCULO VECTORIAL - PROGRAMACION ORIENTADA A OBJETOS - ECUACIONES DIFERENCIALES - PROBABILIDAD,
150,Hugo,Pacheco,Gasca,56312181-8,25,10.0,8, - OPTATIVAS   (HUMANIDADES) - MICROCOMPUTADORAS,
151,Daniel,Cruz,Morales,22144736-6,23,5.83,2, - ALGEBRA LINEAL - MECANICA - ESTRUCTURA DATOS Y ALGORITMOS I,
152,Angelica,Gasca,Perez,66217484-2,18,10.0,1, - QUIMICA - ALGEBRA - CALCULO Y GEOMETRIA ANALITICA,
153,Francisco,Apango,Barbosa,34736381-1,21,7.01,4, - ESTRUCTURAS DISCRETAS - ELECTRICIDAD Y MAGNETISMO - MATEMATICAS AVANZADAS - ANALISIS NUMERICO - FUNDAMENTOS DE ESTADISTICA,
154,Julia,Apango,Rosas,85436448-4,23,7.76,6, - CIRCUITOS ELECTRICOS,
155,Luis,Terrazas,Mejia,68484872-2,23,10.0,2, - ESTRUCTURA DATOS Y ALGORITMOS I - MECANICA,
156,Julio,Morales,Carrillo,11368758-1,22,10.0,9, - ORGANIZACION Y ARQUITEC.COMPUTADORA - SISTEMAS DISTRIBUIDOS,
157,Paulina,Perez,Estrada,45683436-1,24,9.32,6, - DISEÑO DIGITAL MODERNO - SISTEMAS OPERATIVOS - ADMINISTRACION PROYECTOS SOFTWARE,
158,Daniel,Cano,Mejia,18745216-7,27,8.12,10, - OPTATIVA 2 - OPTATIVA 1 - OPTATIVA 5,
159,Ariadna,Jimenez,Santos,41471148-8,22,7.75,1, - ALGEBRA - FUNDAMENTOS DE PROGRAMACION,
160,Rogelio,Frías,Ortiz,64676121-3,19,5.72,5, - LENGUAJES FORMALES-AUTOMATAS - SEÑALES Y SISTEMAS - ESTRUCTURA Y PROGRAMAC.COMPUTADOR - DISPOSITIVOS ELECTRONICOS,
161,Carlos,Vargas,Ledezma,68264664-1,22,8.47,3, - ESTRUCTURA DATOS Y ALGORITMOS II - CALCULO VECTORIAL - PROGRAMACION ORIENTADA A OBJETOS - ECUACIONES DIFERENCIALES - PROBABILIDAD,
162,Karina,Morales,Téllez,31623415-3,27,6.52,8, - MICROCOMPUTADORAS - REDES DE DATOS SEGURAS,
163,Eva,Cruz,Morales,65526468-7,18,10.0,2, - ALGEBRA LINEAL - REDACCION Y EXPOSIC TEMAS INGENIERIA,
164,Pamela,Espinoza,Cervantes,65417248-2,19,6.45,10, - OPTATIVA 1 - OPTATIVA 2 - OPTATIVA 3 - OPTATIVA 4 - OPTATIVA 5,
165,Hugo,Arroyo,Carbajal,37732653-7,25,10.0,3, - ESTRUCTURA DATOS Y ALGORITMOS II - CALCULO VECTORIAL - PROGRAMACION ORIENTADA A OBJETOS - ECUACIONES DIFERENCIALES - PROBABILIDAD,
166,Eduardo,Ramirez,Silva,23465375-6,25,10.0,9, - FUNDAMENTOS SISTEMAS EMBEBIDOS,
167,Alejandra,Rosas,Olmedo,66718632-6,26,7.62,3, - ESTRUCTURA DATOS Y ALGORITMOS II - CALCULO VECTORIAL - PROGRAMACION ORIENTADA A OBJETOS - ECUACIONES DIFERENCIALES - PROBABILIDAD,
168,Ximena,Hernandez,Vertíz,21777278-6,22,5.72,10, - OPTATIVA 1 - OPTATIVA 2 - OPTATIVA 3 - OPTATIVA 4 - OPTATIVA 5,
169,Frida,Moreno,Barbosa,55354486-3,27,7.01,1, - FUNDAMENTOS DE PROGRAMACION - FUNDAMENTOS DE FISICA,
170,Juan,Coria,Espinoza,48663213-7,19,6.48,6, - ADMINISTRACION PROYECTOS SOFTWARE,
171,Hugo,Silva,Pacheco,38485643-4,19,5.63,10, - OPTATIVA 4 - OPTATIVA 3 - OPTATIVA 1,
172,Pablo,Ramos,Morales,73634676-5,26,6.61,7, - COMPILADORES - INTRODUCCION A LA ECONOMIA,
173,Angelica,Pacheco,Moreno,85584218-4,20,7.4,1, - CALCULO Y GEOMETRIA ANALITICA - QUIMICA - FUNDAMENTOS DE FISICA,
174,Michelle,Ramirez,Rosas,17823658-2,26,8.22,9, - OPTATIVA 1 - SISTEMAS DISTRIBUIDOS - ORGANIZACION Y ARQUITEC.COMPUTADORA,
175,Victor,Cruz,Pineda,51532673-8,22,8.12,8, - ETICA PROFESIONAL - REDES DE DATOS SEGURAS - MICROCOMPUTADORAS - COMPUTACION GRAFICA E INTERAC.HUMANO,
176,Arat,Espinoza,Jimenez,43186724-5,22,6.1,5, - DISPOSITIVOS ELECTRONICOS,
177,Emma,Morales,Escalona,13651266-7,23,5.62,6, - DISEÑO DIGITAL MODERNO - BASES DE DATOS - ADMINISTRACION PROYECTOS SOFTWARE,
178,Karen,Olmedo,Ramirez,74576612-4,27,7.59,6, - DISEÑO DIGITAL MODERNO - CIRCUITOS ELECTRICOS - ADMINISTRACION PROYECTOS SOFTWARE,
179,Raul,Mancilla,Elizalde,45274864-6,19,7.83,4, - FUNDAMENTOS DE ESTADISTICA - MATEMATICAS AVANZADAS,
180,Arat,Cano,Reyes,76475755-6,23,8.35,4, - ANALISIS NUMERICO - MATEMATICAS AVANZADAS,
181,Luis,Santos,Estrada,54646836-6,25,10.0,5, - DISPOSITIVOS ELECTRONICOS - LENGUAJES FORMALES-AUTOMATAS - SEÑALES Y SISTEMAS - ESTRUCTURA Y PROGRAMAC.COMPUTADOR - INGENIERIA DE SOFTWARE,
182,Diana,Ortiz,Acevedo,85215821-1,23,10.0,8, - OPTATIVAS   (HUMANIDADES),
183,Gabriela,Ramirez,Vargas,37211187-3,25,10.0,9, - SISTEMAS DISTRIBUIDOS - RECURSOS Y NECESIDADES DE MEXICO,
184,Pamela,Mejia,Olmedo,22582737-4,23,10.0,5, - INGENIERIA DE SOFTWARE,
185,Juan,Acevedo,Cervantes,56821136-6,20,10.0,3, - ESTRUCTURA DATOS Y ALGORITMOS II - CALCULO VECTORIAL - PROGRAMACION ORIENTADA A OBJETOS - ECUACIONES DIFERENCIALES - PROBABILIDAD,
186,Daniela,Coria,Morales,46467766-4,20,7.42,3, - ESTRUCTURA DATOS Y ALGORITMOS II - PROBABILIDAD - PROGRAMACION ORIENTADA A OBJETOS - CALCULO VECTORIAL,
187,Irving,Espinoza,Mascareño,27774174-2,24,8.01,10, - OPTATIVA 1 - OPTATIVA 2 - OPTATIVA 3 - OPTATIVA 4 - OPTATIVA 5,
188,Aide,Acevedo,Cruz,76338525-8,24,8.05,5, - DISPOSITIVOS ELECTRONICOS - LENGUAJES FORMALES-AUTOMATAS - SEÑALES Y SISTEMAS - ESTRUCTURA Y PROGRAMAC.COMPUTADOR - INGENIERIA DE SOFTWARE,
189,Angelica,Téllez,Acevedo,53112671-1,27,10.0,7, - DISEÑO DIGITAL VLSI - INTELIGENCIA ARTIFICIAL - COMPILADORES,
190,Ricardo,Escalona,Valtierra,62114237-4,25,10.0,5, - SEÑALES Y SISTEMAS,
191,Francisco,Pacheco,Aguilar,12147317-8,19,10.0,6, - SISTEMAS OPERATIVOS - CIRCUITOS ELECTRICOS - ADMINISTRACION PROYECTOS SOFTWARE - BASES DE DATOS - DISEÑO DIGITAL MODERNO,
192,Arat,Mancilla,Mejia,81322763-8,19,10.0,9, - RECURSOS Y NECESIDADES DE MEXICO,
193,Hugo,Coria,Gasca,82278345-5,23,7.73,7, - DISEÑO DIGITAL VLSI - INTRODUCCION A LA ECONOMIA - COMPILADORES,
194,Maria,Apango,Mascareño,33275137-2,23,7.27,1, - ALGEBRA - QUIMICA - FUNDAMENTOS DE FISICA - CALCULO Y GEOMETRIA ANALITICA,
195,Jose,Morales,Cruz,47876582-5,19,8.05,1, - FUNDAMENTOS DE PROGRAMACION - FUNDAMENTOS DE FISICA - QUIMICA - ALGEBRA,
196,Ariadna,Escalona,Apango,21746886-3,20,10.0,3, - CALCULO VECTORIAL - ECUACIONES DIFERENCIALES - ESTRUCTURA DATOS Y ALGORITMOS II,
197,Juan,Mancilla,Mejia,82573423-8,24,6.25,10, - OPTATIVA 1 - OPTATIVA 2 - OPTATIVA 3 - OPTATIVA 4 - OPTATIVA 5,
198,Daniel,Escobar,Arroyo,27531253-1,24,9.23,4, - MATEMATICAS AVANZADAS - ANALISIS NUMERICO - FUNDAMENTOS DE ESTADISTICA - ELECTRICIDAD Y MAGNETISMO,
199,Karina,Mascareño,Mascareño,26788664-1,19,9.12,2, - REDACCION Y EXPOSIC TEMAS INGENIERIA - ALGEBRA LINEAL - CALCULO INTEGRAL - ESTRUCTURA DATOS Y ALGORITMOS I - MECANICA,
200,Alejandra,Morales,Pacheco,83657316-7,27,8.06,9, - FUNDAMENTOS SISTEMAS EMBEBIDOS,
201,Pablo,Cervantes,Perez,13423636-3,25,10.0,5, - SEÑALES Y SISTEMAS - DISPOSITIVOS ELECTRONICOS,
202,Leonardo,Espinoza,Espinoza,84676114-5,26,9.04,9, - OPTATIVA 1,
203,Gabriela,Gasca,Quintana,76124865-4,26,8.22,3, - ECUACIONES DIFERENCIALES,
204,Tania,Mejia,Coria,24463267-4,23,10.0,8, - REDES DE DATOS SEGURAS,
205,Ximena,Gasca,Escalona,25117573-8,23,7.78,8, - REDES DE DATOS SEGURAS - COMPUTACION GRAFICA E INTERAC.HUMANO,
206,Alfredo,Vanegas,Reyes,81277125-5,25,6.9,6, - SISTEMAS OPERATIVOS - DISEÑO DIGITAL MODERNO,
207,Luis,Ramirez,Morales,83786285-7,21,9.2,10, - OPTATIVA 1,
208,Julio,Estrada,Vertíz,28846585-3,20,8.76,3, - ESTRUCTURA DATOS Y ALGORITMOS II - ECUACIONES DIFERENCIALES - PROGRAMACION ORIENTADA A OBJETOS,
209,Michelle,Barbosa,Reyes,86865243-3,21,10.0,4, - ELECTRICIDAD Y MAGNETISMO - ANALISIS NUMERICO,
210,Ximena,Rosas,Coria,25474281-6,21,6.06,7, - INTELIGENCIA ARTIFICIAL - COMPILADORES - INTRODUCCION A LA ECONOMIA - DISEÑO DIGITAL VLSI - FINANZAS EN INGENIERIA COMPUTACION,
211,Rogelio,Terrazas,Cano,16765817-3,27,10.0,1, - ALGEBRA - CALCULO Y GEOMETRIA ANALITICA - FUNDAMENTOS DE PROGRAMACION - QUIMICA - FUNDAMENTOS DE FISICA,
212,Karen,Angulo,Terrazas,11278233-8,22,5.31,1, - FUNDAMENTOS DE FISICA - FUNDAMENTOS DE PROGRAMACION,
213,Paulina,Pineda,Vertíz,41543821-2,20,7.63,1, - FUNDAMENTOS DE FISICA - QUIMICA - CALCULO Y GEOMETRIA ANALITICA,
214,Luis,Tapia,Olmedo,54318623-5,21,10.0,8, - ETICA PROFESIONAL - OPTATIVAS   (HUMANIDADES),
215,Cesar,Morales,Pacheco,16142124-8,23,8.9,8, - COMPUTACION GRAFICA E INTERAC.HUMANO - ETICA PROFESIONAL,
216,Miguel,Cervantes,Ocasio,42815534-7,20,8.16,10, - OPTATIVA 4 - OPTATIVA 1,
217,Ariadna,Angulo,Robledo,65265142-6,19,6.13,7, - INTELIGENCIA ARTIFICIAL - INTRODUCCION A LA ECONOMIA,
218,Victor,Gasca,Coria,23718262-1,27,5.46,3, - CALCULO VECTORIAL - PROGRAMACION ORIENTADA A OBJETOS,
219,Jair,Hernandez,Carbajal,87114578-5,27,5.51,1, - FUNDAMENTOS DE FISICA - FUNDAMENTOS DE PROGRAMACION,
220,Eva,Jimenez,Angulo,82425538-3,20,7.36,8, - ETICA PROFESIONAL - COMPUTACION GRAFICA E INTERAC.HUMANO - REDES DE DATOS SEGURAS - MICROCOMPUTADORAS - OPTATIVAS   (HUMANIDADES),
221,Julio,Cano,Barbosa,24278732-8,18,5.84,2, - ALGEBRA LINEAL - CALCULO INTEGRAL,
222,Michelle,Vanegas,Espinoza,61218534-7,26,6.11,6, - SISTEMAS OPERATIVOS - DISEÑO DIGITAL MODERNO,
223,Itzel,Morales,Estrada,87151678-7,22,8.34,3, - PROBABILIDAD,
224,Karina,Carbajal,Robledo,77475517-7,23,5.44,2, - ESTRUCTURA DATOS Y ALGORITMOS I - MECANICA - ALGEBRA LINEAL - CALCULO INTEGRAL,
225,Irving,Escobar,Escalona,68752362-5,18,10.0,2, - REDACCION Y EXPOSIC TEMAS INGENIERIA - ALGEBRA LINEAL - MECANICA - CALCULO INTEGRAL,
226,Cesar,Escobar,Tapia,38354487-5,27,10.0,9, - FUNDAMENTOS SISTEMAS EMBEBIDOS - ORGANIZACION Y ARQUITEC.COMPUTADORA - SISTEMAS DISTRIBUIDOS - RECURSOS Y NECESIDADES DE MEXICO - OPTATIVA 1,
227,Mauricio,Pacheco,Mascareño,46445667-3,21,10.0,3, - ESTRUCTURA DATOS Y ALGORITMOS II,
228,Alejandra,Tapia,Santos,48875737-1,18,9.16,4, - ANALISIS NUMERICO - FUNDAMENTOS DE ESTADISTICA,
229,Leonardo,Tapia,Santos,25524226-2,26,9.02,5, - DISPOSITIVOS ELECTRONICOS,
230,Mauricio,Carbajal,Escalona,22755775-8,21,6.36,9, - RECURSOS Y NECESIDADES DE MEXICO - ORGANIZACION Y ARQUITEC.COMPUTADORA - FUNDAMENTOS SISTEMAS EMBEBIDOS - SISTEMAS DISTRIBUIDOS,
231,Gabriela,Cervantes,Olmedo,77215255-5,18,6.06,4, - ANALISIS NUMERICO,
232,Itzel,Cano,Ledezma,16473716-6,27,9.15,2, - REDACCION Y EXPOSIC TEMAS INGENIERIA,
233,Hugo,Silva,Acevedo,27652677-6,20,7.64,9, - OPTATIVA 1 - ORGANIZACION Y ARQUITEC.COMPUTADORA - RECURSOS Y NECESIDADES DE MEXICO,
234,Julia,Hernandez,Angulo,66811444-4,18,9.07,3, - PROGRAMACION ORIENTADA A OBJETOS - CALCULO VECTORIAL - PROBABILIDAD,
235,Itzel,Arroyo,Coria,48728682-6,19,8.75,10, - OPTATIVA 3,
236,Gabriela,Mejia,Barbosa,42428114-1,24,6.9,3, - PROGRAMACION ORIENTADA A OBJETOS - ECUACIONES DIFERENCIALES - ESTRUCTURA DATOS Y ALGORITMOS II,
237,Juan,Morales,Mancilla,35528846-5,21,10.0,4, - ESTRUCTURAS DISCRETAS - ELECTRICIDAD Y MAGNETISMO - MATEMATICAS AVANZADAS - ANALISIS NUMERICO - FUNDAMENTOS DE ESTADISTICA,
238,Paulina,Cervantes,Silva,14287312-8,21,9.39,10, - OPTATIVA 2,
239,Gabriela,Cervantes,Gasca,78365333-6,20,5.43,5, - ESTRUCTURA Y PROGRAMAC.COMPUTADOR - LENGUAJES FORMALES-AUTOMATAS - INGENIERIA DE SOFTWARE - DISPOSITIVOS ELECTRONICOS,
240,Irving,Terrazas,Jimenez,88888523-6,24,9.26,7, - INTRODUCCION A LA ECONOMIA - FINANZAS EN INGENIERIA COMPUTACION,
241,Alfredo,Espinoza,Morales,45858658-2,20,5.86,7, - DISEÑO DIGITAL VLSI,
242,Daniel,Coria,Estrada,33271623-4,27,7.0,7, - COMPILADORES,
243,Irving,Pineda,Cruz,75888641-3,26,6.8,7, - FINANZAS EN INGENIERIA COMPUTACION - COMPILADORES - INTELIGENCIA ARTIFICIAL,
244,Alejandra,Mejia,Reyes,78574868-8,19,7.36,8, - ETICA PROFESIONAL - REDES DE DATOS SEGURAS - OPTATIVAS   (HUMANIDADES),
245,Angel,Estrada,Ramirez,21651433-2,27,10.0,7, - DISEÑO DIGITAL VLSI - INTELIGENCIA ARTIFICIAL,
246,Paulina,Barbosa,Carrillo,74344886-7,27,8.45,1, - FUNDAMENTOS DE PROGRAMACION,
247,Karina,Espinoza,Olmedo,13471531-8,23,8.27,7, - COMPILADORES,
248,Luis,Mancilla,Terrazas,87187378-8,27,9.89,3, - ESTRUCTURA DATOS Y ALGORITMOS II - CALCULO VECTORIAL - PROGRAMACION ORIENTADA A OBJETOS - ECUACIONES DIFERENCIALES - PROBABILIDAD,
249,Gabriela,Escobar,Morales,61838722-6,27,9.08,1, - ALGEBRA - QUIMICA,
250,Michelle,Olmedo,Vanegas,25832485-2,20,6.4,2, - ALGEBRA LINEAL - MECANICA,
251,Rogelio,Arroyo,Vertíz,52831282-7,19,10.0,10, - OPTATIVA 4 - OPTATIVA 2 - OPTATIVA 5 - OPTATIVA 3,
252,Pedro,Mejia,Olmedo,11248151-8,22,6.53,7, - INTRODUCCION A LA ECONOMIA,
253,Ricardo,Olmedo,Hernandez,34133135-5,23,10.0,3, - ESTRUCTURA DATOS Y ALGORITMOS II - ECUACIONES DIFERENCIALES,
254,Eduardo,Cano,Pineda,15183666-1,22,5.89,5, - ESTRUCTURA Y PROGRAMAC.COMPUTADOR - DISPOSITIVOS ELECTRONICOS - SEÑALES Y SISTEMAS - LENGUAJES FORMALES-AUTOMATAS,
255,Michelle,Pineda,Acevedo,44834325-4,21,9.54,3, - PROBABILIDAD - PROGRAMACION ORIENTADA A OBJETOS - ECUACIONES DIFERENCIALES,
256,Eduardo,Quintana,Pacheco,57233311-2,24,5.48,2, - CALCULO INTEGRAL,
257,Irving,Morales,Estrada,25188346-8,25,5.49,2, - REDACCION Y EXPOSIC TEMAS INGENIERIA,
258,Alfredo,Arroyo,Angulo,46824523-3,24,10.0,9, - FUNDAMENTOS SISTEMAS EMBEBIDOS - ORGANIZACION Y ARQUITEC.COMPUTADORA - SISTEMAS DISTRIBUIDOS - RECURSOS Y NECESIDADES DE MEXICO - OPTATIVA 1,
259,Aide,Cruz,Carbajal,23548256-4,22,10.0,10, - OPTATIVA 2,
260,Ricardo,Terrazas,Apango,87882734-7,20,7.16,1, - ALGEBRA,
261,Maria,Coria,Gasca,54228422-2,22,6.88,6, - DISEÑO DIGITAL MODERNO - SISTEMAS OPERATIVOS - ADMINISTRACION PROYECTOS SOFTWARE - CIRCUITOS ELECTRICOS,
262,Hugo,Escobar,Rosas,36241312-7,27,8.65,1, - FUNDAMENTOS DE FISICA,
263,Karen,Cruz,Ortiz,18421614-5,27,8.66,4, - ANALISIS NUMERICO - ESTRUCTURAS DISCRETAS,
264,Eduardo,Acevedo,Morales,28728471-6,21,5.66,4, - FUNDAMENTOS DE ESTADISTICA,
265,Jair,Morales,Frías,56226116-8,22,10.0,2, - CALCULO INTEGRAL - MECANICA,
266,Leonardo,Santos,Ramos,61144225-7,25,9.37,8, - COMPUTACION GRAFICA E INTERAC.HUMANO,
267,Jose,Terrazas,Reyes,41244386-6,18,7.61,3, - CALCULO VECTORIAL,
268,Angelica,Tapia,Robledo,17354554-8,20,7.86,2, - REDACCION Y EXPOSIC TEMAS INGENIERIA - ALGEBRA LINEAL - CALCULO INTEGRAL - ESTRUCTURA DATOS Y ALGORITMOS I - MECANICA,
269,Ximena,Apango,Pineda,61684161-3,22,6.09,4, - FUNDAMENTOS DE ESTADISTICA,
270,Julia,Vanegas,Téllez,77612567-7,27,5.08,8, - MICROCOMPUTADORAS - COMPUTACION GRAFICA E INTERAC.HUMANO - REDES DE DATOS SEGURAS,
271,Vivian,Téllez,Carrillo,43852853-3,18,6.78,1, - ALGEBRA - CALCULO Y GEOMETRIA ANALITICA - FUNDAMENTOS DE PROGRAMACION - QUIMICA - FUNDAMENTOS DE FISICA,
272,Alfredo,Pineda,Pacheco,13223146-3,20,5.9,10, - OPTATIVA 3 - OPTATIVA 2 - OPTATIVA 5 - OPTATIVA 4,
273,Vivian,Perez,Carrillo,33162443-1,22,6.53,3, - ESTRUCTURA DATOS Y ALGORITMOS II,
274,Angelica,Cano,Morales,85562716-6,24,9.33,4, - ESTRUCTURAS DISCRETAS - ANALISIS NUMERICO - FUNDAMENTOS DE ESTADISTICA - MATEMATICAS AVANZADAS,
275,Karen,Gasca,Mancilla,71723746-8,19,9.72,5, - DISPOSITIVOS ELECTRONICOS - LENGUAJES FORMALES-AUTOMATAS - SEÑALES Y SISTEMAS - ESTRUCTURA Y PROGRAMAC.COMPUTADOR - INGENIERIA DE SOFTWARE,
276,Aide,Angulo,Jimenez,84731326-6,24,10.0,8, - MICROCOMPUTADORAS - ETICA PROFESIONAL - OPTATIVAS   (HUMANIDADES),
277,Rogelio,Santos,Vertíz,47437725-7,18,10.0,4, - ESTRUCTURAS DISCRETAS,
278,Rogelio,Aguilar,Ortiz,14836115-5,20,10.0,3, - CALCULO VECTORIAL,
279,Ariadna,Apango,Vargas,37314742-2,19,10.0,7, - COMPILADORES - INTRODUCCION A LA ECONOMIA - DISEÑO DIGITAL VLSI - FINANZAS EN INGENIERIA COMPUTACION,
280,Ariadna,Reyes,Perez,41318634-4,19,10.0,1, - ALGEBRA - CALCULO Y GEOMETRIA ANALITICA - FUNDAMENTOS DE PROGRAMACION - QUIMICA - FUNDAMENTOS DE FISICA,
281,Juan,Escobar,Terrazas,61648673-1,20,8.77,10, - OPTATIVA 2 - OPTATIVA 5 - OPTATIVA 3,
282,Cesar,Perez,Terrazas,16826574-2,22,10.0,6, - DISEÑO DIGITAL MODERNO - SISTEMAS OPERATIVOS - ADMINISTRACION PROYECTOS SOFTWARE - CIRCUITOS ELECTRICOS,
283,Jose,Téllez,Cano,12531658-1,24,9.06,10, - OPTATIVA 1 - OPTATIVA 4 - OPTATIVA 3,
284,Francisco,Frías,Elizalde,16656153-7,26,6.07,7, - INTELIGENCIA ARTIFICIAL - COMPILADORES - INTRODUCCION A LA ECONOMIA - DISEÑO DIGITAL VLSI - FINANZAS EN INGENIERIA COMPUTACION,
285,Jose,Apango,Pineda,44113328-3,27,10.0,7, - DISEÑO DIGITAL VLSI - COMPILADORES - INTELIGENCIA ARTIFICIAL - FINANZAS EN INGENIERIA COMPUTACION,
286,Ariadna,Tapia,Escalona,35325883-6,20,5.15,10, - OPTATIVA 1 - OPTATIVA 2 - OPTATIVA 3 - OPTATIVA 4 - OPTATIVA 5,
287,Rogelio,Vertíz,Rosas,48112253-6,27,9.55,7, - INTRODUCCION A LA ECONOMIA - DISEÑO DIGITAL VLSI - INTELIGENCIA ARTIFICIAL,
288,Luis,Gasca,Pacheco,13425333-5,24,6.73,8, - ETICA PROFESIONAL,
289,Cesar,Apango,Morales,81247432-6,23,5.87,4, - MATEMATICAS AVANZADAS - ELECTRICIDAD Y MAGNETISMO,
290,Rogelio,Cruz,Carbajal,86376618-1,19,9.62,4, - ANALISIS NUMERICO - FUNDAMENTOS DE ESTADISTICA - MATEMATICAS AVANZADAS,
291,Luis,Valtierra,Mancilla,86352737-8,20,9.66,1, - QUIMICA - FUNDAMENTOS DE FISICA - ALGEBRA,
292,Daniel,Vanegas,Pineda,56722523-7,22,8.01,1, - ALGEBRA - CALCULO Y GEOMETRIA ANALITICA - FUNDAMENTOS DE PROGRAMACION - QUIMICA - FUNDAMENTOS DE FISICA,
293,Mauricio,Ledezma,Mancilla,35721825-1,19,5.04,8, - ETICA PROFESIONAL - COMPUTACION GRAFICA E INTERAC.HUMANO,
294,Alfredo,Cruz,Ramirez,75128731-7,22,5.77,4, - ESTRUCTURAS DISCRETAS - ELECTRICIDAD Y MAGNETISMO - MATEMATICAS AVANZADAS - ANALISIS NUMERICO - FUNDAMENTOS DE ESTADISTICA,
295,Eva,Jimenez,Tapia,31378664-2,21,5.99,10, - OPTATIVA 5 - OPTATIVA 3 - OPTATIVA 4,
296,Miguel,Perez,Carbajal,47678124-8,22,5.5,7, - INTRODUCCION A LA ECONOMIA,
297,Diana,Coria,Ortiz,26627681-6,27,6.71,1, - ALGEBRA - CALCULO Y GEOMETRIA ANALITICA - FUNDAMENTOS DE PROGRAMACION - QUIMICA - FUNDAMENTOS DE FISICA,
298,Mauricio,Apango,Robledo,86462585-6,18,10.0,4, - ESTRUCTURAS DISCRETAS - ELECTRICIDAD Y MAGNETISMO,
299,Maria,Vargas,Robledo,71317515-2,19,10.0,1, - FUNDAMENTOS DE FISICA,
300,Angelica,Silva,Vertíz,27384635-4,18,7.48,3, - PROGRAMACION ORIENTADA A OBJETOS - CALCULO VECTORIAL,
301,Ariadna,Jimenez,Ortiz,23128325-5,23,7.96,1, - FUNDAMENTOS DE PROGRAMACION - QUIMICA - ALGEBRA,
302,Alfredo,Moreno,Apango,44741664-3,25,10.0,10, - OPTATIVA 1 - OPTATIVA 5 - OPTATIVA 3,
303,Alfredo,Silva,Pineda,86131851-2,19,7.31,2, - REDACCION Y EXPOSIC TEMAS INGENIERIA - ALGEBRA LINEAL - CALCULO INTEGRAL - ESTRUCTURA DATOS Y ALGORITMOS I - MECANICA,
304,Angel,Morales,Robledo,56866864-8,21,7.71,2, - ESTRUCTURA DATOS Y ALGORITMOS I - CALCULO INTEGRAL,
305,Jose,Ocasio,Cruz,34457582-6,23,5.78,2, - ESTRUCTURA DATOS Y ALGORITMOS I - CALCULO INTEGRAL - MECANICA - ALGEBRA LINEAL,
306,Luis,Cruz,Rosas,43627717-8,27,5.05,9, - SISTEMAS DISTRIBUIDOS - FUNDAMENTOS SISTEMAS EMBEBIDOS,
307,Arat,Carbajal,Mascareño,26772524-1,26,8.38,10, - OPTATIVA 1 - OPTATIVA 3 - OPTATIVA 4 - OPTATIVA 5,
308,Angelica,Pineda,Coria,41247384-8,24,8.65,9, - OPTATIVA 1 - FUNDAMENTOS SISTEMAS EMBEBIDOS,
309,Hugo,Quintana,Téllez,87668135-8,18,9.07,2, - ESTRUCTURA DATOS Y ALGORITMOS I - CALCULO INTEGRAL - REDACCION Y EXPOSIC TEMAS INGENIERIA,
310,Jair,Tapia,Olmedo,42852684-5,18,10.0,2, - REDACCION Y EXPOSIC TEMAS INGENIERIA - ALGEBRA LINEAL - CALCULO INTEGRAL - ESTRUCTURA DATOS Y ALGORITMOS I - MECANICA,
311,Paulina,Hernandez,Apango,71662745-8,22,10.0,6, - DISEÑO DIGITAL MODERNO - ADMINISTRACION PROYECTOS SOFTWARE,
312,Raul,Morales,Ocasio,56254758-8,19,5.34,1, - FUNDAMENTOS DE FISICA - CALCULO Y GEOMETRIA ANALITICA - ALGEBRA,
313,Jose,Escalona,Estrada,56878415-5,27,5.13,8, - REDES DE DATOS SEGURAS - ETICA PROFESIONAL,
314,Irving,Olmedo,Carbajal,42618552-7,23,8.48,7, - INTELIGENCIA ARTIFICIAL - DISEÑO DIGITAL VLSI - FINANZAS EN INGENIERIA COMPUTACION,
315,Ximena,Morales,Quintana,85517545-4,19,6.53,9, - SISTEMAS DISTRIBUIDOS - OPTATIVA 1,
316,Julia,Valtierra,Moreno,54218587-4,21,5.32,4, - ELECTRICIDAD Y MAGNETISMO,
317,Daniel,Ocasio,Hernandez,84348835-3,19,9.79,2, - ALGEBRA LINEAL - REDACCION Y EXPOSIC TEMAS INGENIERIA,
318,Itzel,Vanegas,Carbajal,87613222-4,27,7.85,2, - CALCULO INTEGRAL - ESTRUCTURA DATOS Y ALGORITMOS I - MECANICA - ALGEBRA LINEAL,
319,Raul,Moreno,Vertíz,63282552-7,18,5.58,4, - ESTRUCTURAS DISCRETAS - MATEMATICAS AVANZADAS - ANALISIS NUMERICO,
320,Michelle,Ocasio,Angulo,27875315-2,25,8.76,1, - QUIMICA - ALGEBRA,
321,Angel,Cervantes,Téllez,58864835-7,20,5.82,8, - COMPUTACION GRAFICA E INTERAC.HUMANO - OPTATIVAS   (HUMANIDADES) - MICROCOMPUTADORAS - REDES DE DATOS SEGURAS,
322,Pablo,Perez,Ramirez,83324188-8,26,9.83,1, - FUNDAMENTOS DE FISICA - QUIMICA - ALGEBRA - CALCULO Y GEOMETRIA ANALITICA,
323,Vivian,Barbosa,Estrada,36465335-5,23,6.29,5, - DISPOSITIVOS ELECTRONICOS - ESTRUCTURA Y PROGRAMAC.COMPUTADOR - INGENIERIA DE SOFTWARE,
324,Daniela,Coria,Pacheco,56152586-3,19,6.09,1, - ALGEBRA - FUNDAMENTOS DE FISICA,
325,Michelle,Elizalde,Mancilla,63275464-3,19,5.02,9, - SISTEMAS DISTRIBUIDOS - RECURSOS Y NECESIDADES DE MEXICO - OPTATIVA 1 - FUNDAMENTOS SISTEMAS EMBEBIDOS,
326,Diana,Ramirez,Angulo,21646783-3,22,7.05,10, - OPTATIVA 3 - OPTATIVA 1 - OPTATIVA 5,
327,Leonardo,Acevedo,Morales,15866437-1,27,9.71,9, - FUNDAMENTOS SISTEMAS EMBEBIDOS,
328,Karen,Vertíz,Cervantes,42443523-4,27,7.49,2, - ESTRUCTURA DATOS Y ALGORITMOS I - CALCULO INTEGRAL - ALGEBRA LINEAL - REDACCION Y EXPOSIC TEMAS INGENIERIA,
329,Rogelio,Carbajal,Quintana,58668247-4,21,9.03,8, - MICROCOMPUTADORAS - ETICA PROFESIONAL - OPTATIVAS   (HUMANIDADES),
330,Angelica,Estrada,Vanegas,47653421-4,27,5.3,1, - QUIMICA - FUNDAMENTOS DE FISICA - CALCULO Y GEOMETRIA ANALITICA,
331,Emma,Carbajal,Jimenez,34221523-6,23,7.91,3, - ESTRUCTURA DATOS Y ALGORITMOS II - CALCULO VECTORIAL - PROGRAMACION ORIENTADA A OBJETOS - ECUACIONES DIFERENCIALES - PROBABILIDAD,
332,Jose,Hernandez,Aguilar,33268453-8,24,6.81,3, - PROGRAMACION ORIENTADA A OBJETOS - ESTRUCTURA DATOS Y ALGORITMOS II - CALCULO VECTORIAL,
333,Luis,Frías,Vanegas,32327178-3,19,8.42,5, - DISPOSITIVOS ELECTRONICOS - LENGUAJES FORMALES-AUTOMATAS - SEÑALES Y SISTEMAS - ESTRUCTURA Y PROGRAMAC.COMPUTADOR - INGENIERIA DE SOFTWARE,
334,Pedro,Téllez,Ortiz,16754718-1,25,10.0,10, - OPTATIVA 5 - OPTATIVA 4,
335,Eduardo,Apango,Espinoza,32886852-1,27,6.35,3, - ESTRUCTURA DATOS Y ALGORITMOS II - CALCULO VECTORIAL - PROGRAMACION ORIENTADA A OBJETOS - ECUACIONES DIFERENCIALES - PROBABILIDAD,
336,Ricardo,Morales,Moreno,12157768-7,21,6.06,10, - OPTATIVA 1,
337,Pedro,Téllez,Quintana,65214814-6,26,6.12,10, - OPTATIVA 3 - OPTATIVA 2 - OPTATIVA 1,
338,Rogelio,Carrillo,Ocasio,25641683-1,18,8.34,3, - ESTRUCTURA DATOS Y ALGORITMOS II - ECUACIONES DIFERENCIALES,
339,Francisco,Barbosa,Ramirez,38861268-5,27,9.37,6, - SISTEMAS OPERATIVOS - ADMINISTRACION PROYECTOS SOFTWARE - BASES DE DATOS - DISEÑO DIGITAL MODERNO,
340,Alejandra,Aguilar,Mejia,73866752-6,27,7.41,4, - ESTRUCTURAS DISCRETAS,
341,Alejandra,Arroyo,Coria,16227831-3,21,5.01,4, - MATEMATICAS AVANZADAS - ELECTRICIDAD Y MAGNETISMO - ESTRUCTURAS DISCRETAS - ANALISIS NUMERICO,
342,Itzel,Angulo,Barbosa,11163738-4,27,10.0,5, - SEÑALES Y SISTEMAS - INGENIERIA DE SOFTWARE,
343,Cesar,Téllez,Perez,56644387-1,19,9.9,8, - COMPUTACION GRAFICA E INTERAC.HUMANO - REDES DE DATOS SEGURAS - ETICA PROFESIONAL,
344,Karina,Mancilla,Ledezma,68183822-3,24,6.88,2, - ALGEBRA LINEAL - REDACCION Y EXPOSIC TEMAS INGENIERIA - MECANICA - ESTRUCTURA DATOS Y ALGORITMOS I,
345,Julio,Robledo,Morales,41373161-5,27,5.75,5, - SEÑALES Y SISTEMAS - INGENIERIA DE SOFTWARE - DISPOSITIVOS ELECTRONICOS,
346,Irving,Coria,Vertíz,76761546-3,24,5.6,2, - ESTRUCTURA DATOS Y ALGORITMOS I - ALGEBRA LINEAL,
347,Jose,Olmedo,Arroyo,47361632-7,26,10.0,4, - MATEMATICAS AVANZADAS - FUNDAMENTOS DE ESTADISTICA,
348,Ricardo,Mejia,Ledezma,31414255-6,25,5.61,1, - CALCULO Y GEOMETRIA ANALITICA - FUNDAMENTOS DE PROGRAMACION - FUNDAMENTOS DE FISICA,
349,Francisco,Espinoza,Ramos,37386863-6,23,6.95,7, - INTELIGENCIA ARTIFICIAL - COMPILADORES - INTRODUCCION A LA ECONOMIA - DISEÑO DIGITAL VLSI - FINANZAS EN INGENIERIA COMPUTACION,
350,Julio,Carbajal,Terrazas,36288876-6,27,6.73,3, - ESTRUCTURA DATOS Y ALGORITMOS II - CALCULO VECTORIAL - PROGRAMACION ORIENTADA A OBJETOS - ECUACIONES DIFERENCIALES - PROBABILIDAD,
351,Maria,Moreno,Morales,22876733-2,25,8.04,6, - SISTEMAS OPERATIVOS - CIRCUITOS ELECTRICOS - ADMINISTRACION PROYECTOS SOFTWARE - BASES DE DATOS - DISEÑO DIGITAL MODERNO,
352,Francisco,Carbajal,Carbajal,85586786-6,25,8.89,4, - ELECTRICIDAD Y MAGNETISMO - ESTRUCTURAS DISCRETAS - MATEMATICAS AVANZADAS - FUNDAMENTOS DE ESTADISTICA,
353,Maria,Ramirez,Pineda,74744886-6,25,9.12,1, - QUIMICA,
354,Arat,Jimenez,Pineda,65837222-4,19,10.0,3, - ESTRUCTURA DATOS Y ALGORITMOS II - CALCULO VECTORIAL - PROGRAMACION ORIENTADA A OBJETOS - ECUACIONES DIFERENCIALES - PROBABILIDAD,
355,Daniela,Cano,Morales,48633184-4,18,10.0,2, - MECANICA - CALCULO INTEGRAL - ALGEBRA LINEAL,
356,Angelica,Mejia,Escobar,54114512-6,27,5.76,1, - FUNDAMENTOS DE PROGRAMACION - CALCULO Y GEOMETRIA ANALITICA - FUNDAMENTOS DE FISICA - QUIMICA,
357,Raul,Téllez,Morales,71514553-7,23,9.35,3, - CALCULO VECTORIAL - PROGRAMACION ORIENTADA A OBJETOS,
358,Cesar,Escalona,Silva,16816788-1,25,8.92,8, - REDES DE DATOS SEGURAS - OPTATIVAS   (HUMANIDADES) - COMPUTACION GRAFICA E INTERAC.HUMANO - ETICA PROFESIONAL,
359,Karen,Reyes,Ledezma,57428315-8,27,6.89,9, - FUNDAMENTOS SISTEMAS EMBEBIDOS - ORGANIZACION Y ARQUITEC.COMPUTADORA - SISTEMAS DISTRIBUIDOS - RECURSOS Y NECESIDADES DE MEXICO - OPTATIVA 1,
360,Daniel,Carrillo,Hernandez,77183683-6,18,10.0,2, - REDACCION Y EXPOSIC TEMAS INGENIERIA - ALGEBRA LINEAL - CALCULO INTEGRAL - ESTRUCTURA DATOS Y ALGORITMOS I - MECANICA,
361,Diana,Apango,Olmedo,57425184-3,25,10.0,5, - DISPOSITIVOS ELECTRONICOS - INGENIERIA DE SOFTWARE - SEÑALES Y SISTEMAS,
362,Pablo,Robledo,Vanegas,65461262-4,24,10.0,5, - INGENIERIA DE SOFTWARE - SEÑALES Y SISTEMAS - ESTRUCTURA Y PROGRAMAC.COMPUTADOR - LENGUAJES FORMALES-AUTOMATAS,
363,Tania,Arroyo,Morales,11276153-6,18,8.95,1, - QUIMICA - CALCULO Y GEOMETRIA ANALITICA - FUNDAMENTOS DE PROGRAMACION,
364,Angelica,Hernandez,Mascareño,37675544-4,24,6.87,5, - DISPOSITIVOS ELECTRONICOS - ESTRUCTURA Y PROGRAMAC.COMPUTADOR,
365,Frida,Tapia,Carrillo,11228685-1,23,5.0,5, - LENGUAJES FORMALES-AUTOMATAS - SEÑALES Y SISTEMAS,
366,Tania,Robledo,Apango,13386231-5,19,10.0,8, - MICROCOMPUTADORAS - REDES DE DATOS SEGURAS,
367,Maria,Mejia,Pacheco,58834373-5,20,9.71,9, - ORGANIZACION Y ARQUITEC.COMPUTADORA - OPTATIVA 1 - FUNDAMENTOS SISTEMAS EMBEBIDOS - RECURSOS Y NECESIDADES DE MEXICO,
368,Vivian,Terrazas,Estrada,47628443-6,23,5.59,5, - DISPOSITIVOS ELECTRONICOS - LENGUAJES FORMALES-AUTOMATAS - SEÑALES Y SISTEMAS - ESTRUCTURA Y PROGRAMAC.COMPUTADOR - INGENIERIA DE SOFTWARE,
369,Ariadna,Valtierra,Robledo,18466373-2,27,8.12,6, - DISEÑO DIGITAL MODERNO - CIRCUITOS ELECTRICOS - SISTEMAS OPERATIVOS - ADMINISTRACION PROYECTOS SOFTWARE,
370,Diana,Moreno,Ramos,23873426-4,18,9.47,4, - FUNDAMENTOS DE ESTADISTICA - ELECTRICIDAD Y MAGNETISMO,
371,Maria,Barbosa,Vertíz,13733148-8,20,6.15,9, - FUNDAMENTOS SISTEMAS EMBEBIDOS - ORGANIZACION Y ARQUITEC.COMPUTADORA - SISTEMAS DISTRIBUIDOS - RECURSOS Y NECESIDADES DE MEXICO - OPTATIVA 1,
372,Cesar,Morales,Elizalde,43485837-3,18,10.0,2, - REDACCION Y EXPOSIC TEMAS INGENIERIA - ALGEBRA LINEAL - CALCULO INTEGRAL - ESTRUCTURA DATOS Y ALGORITMOS I - MECANICA,
373,Juan,Angulo,Terrazas,22452754-2,19,6.18,1, - ALGEBRA - CALCULO Y GEOMETRIA ANALITICA,
374,Itzel,Mejia,Moreno,51454445-5,18,8.37,4, - ESTRUCTURAS DISCRETAS - ELECTRICIDAD Y MAGNETISMO - MATEMATICAS AVANZADAS - ANALISIS NUMERICO - FUNDAMENTOS DE ESTADISTICA,
375,Miguel,Morales,Vertíz,47516345-2,26,6.89,5, - INGENIERIA DE SOFTWARE,
376,Alfredo,Arroyo,Carrillo,37281358-7,19,6.14,6, - BASES DE DATOS - SISTEMAS OPERATIVOS - ADMINISTRACION PROYECTOS SOFTWARE,
377,Julio,Acevedo,Mancilla,38855754-4,22,6.83,1, - ALGEBRA - QUIMICA - CALCULO Y GEOMETRIA ANALITICA - FUNDAMENTOS DE FISICA,
378,Jair,Frías,Ramirez,27217264-1,27,9.86,3, - PROGRAMACION ORIENTADA A OBJETOS,
379,Diana,Gasca,Robledo,24465121-8,23,8.29,5, - SEÑALES Y SISTEMAS - INGENIERIA DE SOFTWARE - DISPOSITIVOS ELECTRONICOS - ESTRUCTURA Y PROGRAMAC.COMPUTADOR,
380,Aide,Tapia,Elizalde,43718378-7,21,7.55,6, - SISTEMAS OPERATIVOS,
381,Perla,Coria,Vanegas,72162573-8,22,9.94,2, - REDACCION Y EXPOSIC TEMAS INGENIERIA - ESTRUCTURA DATOS Y ALGORITMOS I - CALCULO INTEGRAL - ALGEBRA LINEAL,
382,Francisco,Elizalde,Rosas,68182421-1,18,6.12,2, - CALCULO INTEGRAL - REDACCION Y EXPOSIC TEMAS INGENIERIA - ESTRUCTURA DATOS Y ALGORITMOS I,
383,Maria,Cruz,Vanegas,44228287-6,27,10.0,3, - ECUACIONES DIFERENCIALES,
384,Pablo,Espinoza,Escalona,66612252-5,22,10.0,4, - MATEMATICAS AVANZADAS,
385,Alfredo,Silva,Cruz,41418638-5,21,7.13,1, - ALGEBRA - FUNDAMENTOS DE FISICA - CALCULO Y GEOMETRIA ANALITICA - QUIMICA,
386,Luis,Carbajal,Aguilar,87547127-7,26,5.65,6, - SISTEMAS OPERATIVOS - CIRCUITOS ELECTRICOS - ADMINISTRACION PROYECTOS SOFTWARE - BASES DE DATOS - DISEÑO DIGITAL MODERNO,
387,Jair,Téllez,Carbajal,22673614-1,18,10.0,3, - ESTRUCTURA DATOS Y ALGORITMOS II - CALCULO VECTORIAL - PROGRAMACION ORIENTADA A OBJETOS - ECUACIONES DIFERENCIALES - PROBABILIDAD,
388,Arat,Carrillo,Vertíz,17663625-8,20,5.78,1, - FUNDAMENTOS DE FISICA,
389,Raul,Valtierra,Cervantes,37413131-8,21,10.0,9, - ORGANIZACION Y ARQUITEC.COMPUTADORA - RECURSOS Y NECESIDADES DE MEXICO - SISTEMAS DISTRIBUIDOS,
390,Jair,Acevedo,Ramos,34336373-7,18,5.09,3, - PROBABILIDAD - PROGRAMACION ORIENTADA A OBJETOS,
391,Irving,Téllez,Carrillo,46864225-3,18,7.92,2, - REDACCION Y EXPOSIC TEMAS INGENIERIA,
392,Karina,Vanegas,Tapia,47854477-6,25,8.0,9, - RECURSOS Y NECESIDADES DE MEXICO,
393,Carlos,Santos,Ortiz,54252571-8,26,9.73,2, - CALCULO INTEGRAL - ESTRUCTURA DATOS Y ALGORITMOS I,
394,Karina,Moreno,Mascareño,38614772-1,18,10.0,2, - ESTRUCTURA DATOS Y ALGORITMOS I - CALCULO INTEGRAL - ALGEBRA LINEAL - REDACCION Y EXPOSIC TEMAS INGENIERIA,
395,Perla,Reyes,Robledo,35417877-2,26,10.0,9, - SISTEMAS DISTRIBUIDOS - ORGANIZACION Y ARQUITEC.COMPUTADORA - OPTATIVA 1,
396,Vivian,Angulo,Ortiz,14766816-8,18,5.46,4, - ESTRUCTURAS DISCRETAS - ELECTRICIDAD Y MAGNETISMO - MATEMATICAS AVANZADAS - ANALISIS NUMERICO - FUNDAMENTOS DE ESTADISTICA,
397,Alfredo,Cervantes,Escobar,17843573-8,23,10.0,3, - CALCULO VECTORIAL - PROBABILIDAD - PROGRAMACION ORIENTADA A OBJETOS - ECUACIONES DIFERENCIALES,
398,Vivian,Terrazas,Pacheco,86455585-3,19,8.66,4, - ESTRUCTURAS DISCRETAS - ELECTRICIDAD Y MAGNETISMO - MATEMATICAS AVANZADAS - ANALISIS NUMERICO - FUNDAMENTOS DE ESTADISTICA,
399,Julia,Silva,Valtierra,57384162-3,25,6.1,8, - MICROCOMPUTADORAS - ETICA PROFESIONAL,
400,Ricardo,Vargas,Terrazas,12177355-7,20,9.92,8, - MICROCOMPUTADORAS - REDES DE DATOS SEGURAS,
401,Victor,Elizalde,Téllez,81343662-4,19,8.27,4, - ESTRUCTURAS DISCRETAS,
402,Daniela,Elizalde,Téllez,68343646-2,27,5.49,3, - ECUACIONES DIFERENCIALES - ESTRUCTURA DATOS Y ALGORITMOS II - PROBABILIDAD,
403,Jose,Reyes,Hernandez,73447148-4,25,6.31,3, - PROBABILIDAD - PROGRAMACION ORIENTADA A OBJETOS - ESTRUCTURA DATOS Y ALGORITMOS II,
404,Frida,Elizalde,Acevedo,12262282-6,19,6.65,9, - SISTEMAS DISTRIBUIDOS - ORGANIZACION Y ARQUITEC.COMPUTADORA,
405,Daniela,Tapia,Escobar,53571516-7,23,10.0,3, - ECUACIONES DIFERENCIALES - CALCULO VECTORIAL - PROBABILIDAD - PROGRAMACION ORIENTADA A OBJETOS,
406,Hugo,Cruz,Ramirez,62285886-4,25,9.16,5, - ESTRUCTURA Y PROGRAMAC.COMPUTADOR - SEÑALES Y SISTEMAS,
407,Pedro,Vanegas,Perez,65287384-6,23,6.43,4, - MATEMATICAS AVANZADAS - ESTRUCTURAS DISCRETAS - ANALISIS NUMERICO - FUNDAMENTOS DE ESTADISTICA,
408,Angel,Mascareño,Rosas,87517266-2,23,10.0,2, - ESTRUCTURA DATOS Y ALGORITMOS I - REDACCION Y EXPOSIC TEMAS INGENIERIA,
409,Gabriela,Carbajal,Estrada,62451472-3,23,6.96,5, - INGENIERIA DE SOFTWARE,
410,Juan,Vargas,Ledezma,87474455-5,26,9.64,7, - COMPILADORES,
411,Victor,Frías,Quintana,33628175-6,23,10.0,9, - ORGANIZACION Y ARQUITEC.COMPUTADORA - SISTEMAS DISTRIBUIDOS - OPTATIVA 1 - RECURSOS Y NECESIDADES DE MEXICO,
412,Emma,Morales,Cano,32542775-7,22,10.0,10, - OPTATIVA 3 - OPTATIVA 1,
413,Aide,Vertíz,Silva,58363555-4,19,10.0,6, - ADMINISTRACION PROYECTOS SOFTWARE - BASES DE DATOS - CIRCUITOS ELECTRICOS - SISTEMAS OPERATIVOS,
414,Pablo,Aguilar,Cruz,56368614-2,27,9.34,1, - ALGEBRA - CALCULO Y GEOMETRIA ANALITICA - FUNDAMENTOS DE PROGRAMACION - QUIMICA - FUNDAMENTOS DE FISICA,
415,Diana,Vertíz,Reyes,88514187-6,24,5.82,1, - QUIMICA - FUNDAMENTOS DE PROGRAMACION,
416,Miguel,Reyes,Hernandez,73226666-7,23,10.0,1, - FUNDAMENTOS DE FISICA,
417,Leonardo,Perez,Quintana,26134787-5,20,7.93,10, - OPTATIVA 5,
418,Emma,Rosas,Valtierra,58263867-2,21,7.8,8, - MICROCOMPUTADORAS - REDES DE DATOS SEGURAS - OPTATIVAS   (HUMANIDADES) - COMPUTACION GRAFICA E INTERAC.HUMANO,
419,Jose,Perez,Ocasio,16332723-1,18,6.59,1, - CALCULO Y GEOMETRIA ANALITICA - FUNDAMENTOS DE FISICA - ALGEBRA - FUNDAMENTOS DE PROGRAMACION,
420,Pablo,Vargas,Acevedo,25845645-6,21,7.27,9, - ORGANIZACION Y ARQUITEC.COMPUTADORA - FUNDAMENTOS SISTEMAS EMBEBIDOS - SISTEMAS DISTRIBUIDOS,
421,Angelica,Barbosa,Mancilla,12778351-8,23,8.27,2, - CALCULO INTEGRAL - ALGEBRA LINEAL - MECANICA,
422,Karina,Robledo,Quintana,78638182-7,20,7.61,2, - CALCULO INTEGRAL,
423,Maria,Vargas,Aguilar,76814348-3,20,5.71,9, - RECURSOS Y NECESIDADES DE MEXICO - FUNDAMENTOS SISTEMAS EMBEBIDOS - OPTATIVA 1,
424,Maria,Aguilar,Morales,85663123-7,27,6.11,9, - FUNDAMENTOS SISTEMAS EMBEBIDOS - ORGANIZACION Y ARQUITEC.COMPUTADORA - SISTEMAS DISTRIBUIDOS - RECURSOS Y NECESIDADES DE MEXICO - OPTATIVA 1,
425,Alfredo,Olmedo,Ocasio,28731612-6,21,6.02,8, - OPTATIVAS   (HUMANIDADES) - COMPUTACION GRAFICA E INTERAC.HUMANO - REDES DE DATOS SEGURAS - MICROCOMPUTADORAS,
426,Pablo,Pacheco,Vertíz,34776824-1,26,10.0,10, - OPTATIVA 5 - OPTATIVA 3,
427,Perla,Espinoza,Moreno,65248444-5,27,6.94,6, - SISTEMAS OPERATIVOS,
428,Paulina,Vargas,Mancilla,17134512-6,18,8.41,4, - FUNDAMENTOS DE ESTADISTICA - ESTRUCTURAS DISCRETAS - ANALISIS NUMERICO - ELECTRICIDAD Y MAGNETISMO,
429,Irving,Jimenez,Rosas,41184554-5,20,10.0,3, - PROBABILIDAD - CALCULO VECTORIAL,
430,Raul,Tapia,Ledezma,33335531-1,26,10.0,5, - LENGUAJES FORMALES-AUTOMATAS,
431,Karina,Mancilla,Cano,34136868-4,19,7.63,10, - OPTATIVA 4,
432,Mauricio,Reyes,Barbosa,78878231-1,23,7.35,1, - FUNDAMENTOS DE FISICA,
433,Cesar,Apango,Jimenez,82455366-3,27,7.02,3, - ESTRUCTURA DATOS Y ALGORITMOS II - CALCULO VECTORIAL - PROGRAMACION ORIENTADA A OBJETOS - ECUACIONES DIFERENCIALES - PROBABILIDAD,
434,Eva,Elizalde,Cano,85217545-2,20,8.32,8, - MICROCOMPUTADORAS,
435,Cesar,Vargas,Ocasio,24714765-6,24,7.03,1, - QUIMICA - FUNDAMENTOS DE PROGRAMACION - CALCULO Y GEOMETRIA ANALITICA,
436,Eduardo,Pacheco,Jimenez,86442366-8,18,10.0,3, - ESTRUCTURA DATOS Y ALGORITMOS II - CALCULO VECTORIAL - PROGRAMACION ORIENTADA A OBJETOS - ECUACIONES DIFERENCIALES - PROBABILIDAD,
437,Jose,Ortiz,Quintana,24317577-8,21,10.0,9, - FUNDAMENTOS SISTEMAS EMBEBIDOS - ORGANIZACION Y ARQUITEC.COMPUTADORA - SISTEMAS DISTRIBUIDOS - RECURSOS Y NECESIDADES DE MEXICO - OPTATIVA 1,
438,Daniela,Téllez,Morales,44156647-3,24,8.81,8, - REDES DE DATOS SEGURAS - MICROCOMPUTADORAS - COMPUTACION GRAFICA E INTERAC.HUMANO,
439,Victor,Carrillo,Quintana,68644863-4,19,7.67,2, - REDACCION Y EXPOSIC TEMAS INGENIERIA - ESTRUCTURA DATOS Y ALGORITMOS I - CALCULO INTEGRAL,
440,Aide,Cruz,Arroyo,15857282-3,19,5.47,7, - INTELIGENCIA ARTIFICIAL - DISEÑO DIGITAL VLSI - INTRODUCCION A LA ECONOMIA - FINANZAS EN INGENIERIA COMPUTACION,
441,Ricardo,Aguilar,Estrada,75211558-7,25,9.3,6, - BASES DE DATOS - DISEÑO DIGITAL MODERNO,
442,Victor,Robledo,Vargas,42377557-5,27,10.0,2, - ALGEBRA LINEAL - ESTRUCTURA DATOS Y ALGORITMOS I,
443,Francisco,Reyes,Espinoza,21458841-1,19,5.33,8, - ETICA PROFESIONAL - COMPUTACION GRAFICA E INTERAC.HUMANO - REDES DE DATOS SEGURAS - MICROCOMPUTADORAS - OPTATIVAS   (HUMANIDADES),
444,Julio,Acevedo,Valtierra,28686531-2,27,5.44,6, - ADMINISTRACION PROYECTOS SOFTWARE - BASES DE DATOS - DISEÑO DIGITAL MODERNO,
445,Gabriela,Ocasio,Rosas,32158845-7,18,5.04,1, - FUNDAMENTOS DE FISICA - ALGEBRA - QUIMICA - CALCULO Y GEOMETRIA ANALITICA,
446,Pedro,Mejia,Ledezma,67377522-8,19,7.96,5, - DISPOSITIVOS ELECTRONICOS - LENGUAJES FORMALES-AUTOMATAS - SEÑALES Y SISTEMAS - ESTRUCTURA Y PROGRAMAC.COMPUTADOR - INGENIERIA DE SOFTWARE,
447,Rogelio,Elizalde,Apango,64456563-8,25,8.2,8, - ETICA PROFESIONAL - COMPUTACION GRAFICA E INTERAC.HUMANO - REDES DE DATOS SEGURAS - MICROCOMPUTADORAS - OPTATIVAS   (HUMANIDADES),
448,Pablo,Cervantes,Moreno,54416841-3,19,5.64,6, - ADMINISTRACION PROYECTOS SOFTWARE - SISTEMAS OPERATIVOS - DISEÑO DIGITAL MODERNO - CIRCUITOS ELECTRICOS,
449,Gabriela,Carrillo,Hernandez,12373781-7,27,6.01,3, - CALCULO VECTORIAL - ECUACIONES DIFERENCIALES - ESTRUCTURA DATOS Y ALGORITMOS II,
450,Hugo,Mascareño,Arroyo,74687868-3,21,5.58,2, - REDACCION Y EXPOSIC TEMAS INGENIERIA - ALGEBRA LINEAL - CALCULO INTEGRAL - ESTRUCTURA DATOS Y ALGORITMOS I - MECANICA,
451,Karina,Tapia,Frías,28316167-2,23,8.49,5, - DISPOSITIVOS ELECTRONICOS - LENGUAJES FORMALES-AUTOMATAS - SEÑALES Y SISTEMAS - ESTRUCTURA Y PROGRAMAC.COMPUTADOR - INGENIERIA DE SOFTWARE,
452,Mauricio,Escalona,Reyes,32547326-1,25,9.77,5, - DISPOSITIVOS ELECTRONICOS,
453,Carlos,Moreno,Jimenez,64433187-1,23,6.78,6, - CIRCUITOS ELECTRICOS - SISTEMAS OPERATIVOS,
454,Ariadna,Silva,Ramos,42862767-4,24,6.68,6, - ADMINISTRACION PROYECTOS SOFTWARE,
455,Daniel,Cervantes,Estrada,83223163-3,23,6.95,9, - OPTATIVA 1 - SISTEMAS DISTRIBUIDOS,
456,Alejandra,Coria,Jimenez,27518147-8,20,9.39,1, - CALCULO Y GEOMETRIA ANALITICA - QUIMICA - FUNDAMENTOS DE FISICA - ALGEBRA,
457,Diana,Barbosa,Mascareño,15863163-8,25,9.45,3, - CALCULO VECTORIAL - ESTRUCTURA DATOS Y ALGORITMOS II,
458,Hugo,Vanegas,Acevedo,25671288-6,23,9.86,9, - ORGANIZACION Y ARQUITEC.COMPUTADORA,
459,Daniela,Rosas,Mancilla,67658727-8,25,5.03,9, - OPTATIVA 1,
460,Arat,Cruz,Carrillo,42253848-6,21,7.08,3, - ESTRUCTURA DATOS Y ALGORITMOS II,
461,Arat,Vanegas,Estrada,63378784-4,27,6.94,4, - MATEMATICAS AVANZADAS - ESTRUCTURAS DISCRETAS - FUNDAMENTOS DE ESTADISTICA,
462,Eva,Valtierra,Cruz,58537853-4,26,5.31,2, - ESTRUCTURA DATOS Y ALGORITMOS I - MECANICA - CALCULO INTEGRAL,
463,Francisco,Mejia,Téllez,44166374-5,25,7.77,7, - INTELIGENCIA ARTIFICIAL - DISEÑO DIGITAL VLSI,
464,Pamela,Apango,Mancilla,51377822-7,26,6.68,4, - ELECTRICIDAD Y MAGNETISMO - MATEMATICAS AVANZADAS - FUNDAMENTOS DE ESTADISTICA,
465,Arat,Olmedo,Angulo,12524623-2,19,10.0,2, - MECANICA - CALCULO INTEGRAL - ESTRUCTURA DATOS Y ALGORITMOS I,
466,Jair,Pineda,Mancilla,75418235-1,26,8.36,2, - REDACCION Y EXPOSIC TEMAS INGENIERIA - ALGEBRA LINEAL - CALCULO INTEGRAL - ESTRUCTURA DATOS Y ALGORITMOS I - MECANICA,
467,Raul,Mejia,Mejia,38411872-8,27,7.32,3, - ECUACIONES DIFERENCIALES - PROBABILIDAD - ESTRUCTURA DATOS Y ALGORITMOS II,
468,Angelica,Rosas,Jimenez,36382355-5,26,6.63,7, - INTELIGENCIA ARTIFICIAL - COMPILADORES - INTRODUCCION A LA ECONOMIA - DISEÑO DIGITAL VLSI - FINANZAS EN INGENIERIA COMPUTACION,
469,Alejandra,Santos,Ramirez,81887835-1,25,6.55,8, - ETICA PROFESIONAL,
470,Tania,Jimenez,Tapia,26234856-3,20,7.0,10, - OPTATIVA 2 - OPTATIVA 1,
471,Tania,Cruz,Coria,76766754-1,19,5.58,3, - CALCULO VECTORIAL - PROGRAMACION ORIENTADA A OBJETOS - PROBABILIDAD - ESTRUCTURA DATOS Y ALGORITMOS II,
472,Alejandra,Elizalde,Cano,16677257-7,23,10.0,1, - FUNDAMENTOS DE PROGRAMACION - ALGEBRA - CALCULO Y GEOMETRIA ANALITICA,
473,Julia,Elizalde,Perez,27731331-1,26,6.14,1, - ALGEBRA - CALCULO Y GEOMETRIA ANALITICA - FUNDAMENTOS DE PROGRAMACION - QUIMICA - FUNDAMENTOS DE FISICA,
474,Pedro,Apango,Cervantes,14638331-8,26,9.72,9, - SISTEMAS DISTRIBUIDOS - FUNDAMENTOS SISTEMAS EMBEBIDOS,
475,Ariadna,Perez,Mancilla,33821757-4,18,6.38,4, - ESTRUCTURAS DISCRETAS - ELECTRICIDAD Y MAGNETISMO - MATEMATICAS AVANZADAS - ANALISIS NUMERICO - FUNDAMENTOS DE ESTADISTICA,
476,Francisco,Ramirez,Morales,62248571-7,23,7.65,8, - REDES DE DATOS SEGURAS - COMPUTACION GRAFICA E INTERAC.HUMANO - ETICA PROFESIONAL - MICROCOMPUTADORAS,
477,Michelle,Cano,Barbosa,18632554-1,20,8.28,7, - INTRODUCCION A LA ECONOMIA - FINANZAS EN INGENIERIA COMPUTACION - COMPILADORES,
478,Tania,Vanegas,Mancilla,35726256-3,20,10.0,6, - BASES DE DATOS - ADMINISTRACION PROYECTOS SOFTWARE,
479,Alfredo,Acevedo,Pineda,24337774-8,18,10.0,1, - FUNDAMENTOS DE FISICA,
480,Cesar,Cervantes,Cano,38484213-4,25,5.39,7, - DISEÑO DIGITAL VLSI,
481,Paulina,Aguilar,Escobar,47525514-5,25,5.78,4, - ESTRUCTURAS DISCRETAS,
482,Michelle,Gasca,Mancilla,56666668-5,23,5.99,10, - OPTATIVA 3 - OPTATIVA 2 - OPTATIVA 5 - OPTATIVA 1,
483,Jose,Mascareño,Silva,37346138-3,21,8.91,6, - CIRCUITOS ELECTRICOS - BASES DE DATOS - ADMINISTRACION PROYECTOS SOFTWARE,
484,Paulina,Espinoza,Cruz,18525524-8,23,10.0,9, - SISTEMAS DISTRIBUIDOS - ORGANIZACION Y ARQUITEC.COMPUTADORA,
485,Jair,Olmedo,Ramirez,23111651-7,25,5.24,1, - FUNDAMENTOS DE FISICA - FUNDAMENTOS DE PROGRAMACION - QUIMICA,
486,Cesar,Espinoza,Ramirez,11317342-6,19,6.38,1, - FUNDAMENTOS DE FISICA - FUNDAMENTOS DE PROGRAMACION - CALCULO Y GEOMETRIA ANALITICA,
487,Emma,Acevedo,Apango,72667127-8,18,10.0,2, - ESTRUCTURA DATOS Y ALGORITMOS I - ALGEBRA LINEAL,
488,Victor,Silva,Ledezma,58452743-7,27,8.81,9, - FUNDAMENTOS SISTEMAS EMBEBIDOS - ORGANIZACION Y ARQUITEC.COMPUTADORA - RECURSOS Y NECESIDADES DE MEXICO - OPTATIVA 1,
489,Mauricio,Angulo,Téllez,12781475-4,19,8.24,7, - COMPILADORES,
490,Diana,Pineda,Gasca,71736165-1,26,7.86,5, - SEÑALES Y SISTEMAS - DISPOSITIVOS ELECTRONICOS - LENGUAJES FORMALES-AUTOMATAS,
491,Aide,Escobar,Cano,43525154-3,24,9.63,6, - SISTEMAS OPERATIVOS - DISEÑO DIGITAL MODERNO,
492,Cesar,Coria,Cervantes,31761557-5,20,9.3,7, - FINANZAS EN INGENIERIA COMPUTACION - INTRODUCCION A LA ECONOMIA - INTELIGENCIA ARTIFICIAL,
493,Francisco,Jimenez,Frías,25511283-6,22,6.47,3, - PROBABILIDAD - ESTRUCTURA DATOS Y ALGORITMOS II - PROGRAMACION ORIENTADA A OBJETOS - CALCULO VECTORIAL,
494,Miguel,Vertíz,Terrazas,76841568-1,23,7.29,10, - OPTATIVA 1 - OPTATIVA 2 - OPTATIVA 4 - OPTATIVA 5,
495,Miguel,Ramirez,Angulo,25325727-1,23,7.2,3, - PROBABILIDAD,
496,Diana,Valtierra,Barbosa,58183481-6,23,10.0,4, - ANALISIS NUMERICO - FUNDAMENTOS DE ESTADISTICA - ELECTRICIDAD Y MAGNETISMO,
497,Angelica,Vanegas,Cruz,55815464-3,25,8.25,9, - ORGANIZACION Y ARQUITEC.COMPUTADORA - OPTATIVA 1 - RECURSOS Y NECESIDADES DE MEXICO,
498,Eduardo,Tapia,Jimenez,14655737-2,20,7.91,3, - PROBABILIDAD - CALCULO VECTORIAL,
499,Jose,Olmedo,Moreno,25734348-7,27,7.19,1, - ALGEBRA - CALCULO Y GEOMETRIA ANALITICA - FUNDAMENTOS DE PROGRAMACION - QUIMICA - FUNDAMENTOS DE FISICA,
500,Ricardo,Pineda,Tapia,77172363-3,19,7.63,1, - QUIMICA,
